City_ID,City,Country,Date,Lat,Lng,Max Temp,Humidity,Cloudiness,Wind Speed
0,Tiksi,RU,2021-06-07 01:52:38,71.6872,128.8694,280.37,58,100,0.95
1,Nyahururu,KE,2021-06-07 01:59:06,0.0421,36.3673,281.78,82,11,1.91
2,Saskylakh,RU,2021-06-07 01:51:47,71.9167,114.0833,279.07,47,100,3.15
3,Ponta Do Sol,PT,2021-06-07 01:52:38,32.6667,-17.1,292.5,77,13,2.47
4,Arraial Do Cabo,BR,2021-06-07 01:51:40,-22.9661,-42.0278,295.75,88,40,5.78
5,Hobart,AU,2021-06-07 01:51:42,-42.8794,147.3294,290.38,52,75,2.68
6,Bluff,NZ,2021-06-07 01:51:44,-46.6,168.3333,283.04,71,7,3.6
7,Alice Springs,AU,2021-06-07 01:52:59,-23.7,133.8833,289.9,36,20,1.77
8,Sao Filipe,CV,2021-06-07 01:51:55,14.8961,-24.4956,296.35,77,18,3.84
9,Lorengau,PG,2021-06-07 01:51:57,-2.0226,147.2712,302.49,65,48,1.58
10,Grand Junction,US,2021-06-07 01:59:07,39.0639,-108.5507,305.28,14,3,6.28
11,Barrow,US,2021-06-07 01:51:45,71.2906,-156.7887,273.16,86,90,6.69
12,Rosarito,MX,2021-06-07 01:59:07,32.3333,-117.0333,292.92,72,45,3.21
13,Mataura,NZ,2021-06-07 01:51:51,-46.1927,168.8643,282.86,63,0,1.69
14,Nikolskoye,RU,2021-06-07 01:52:07,59.7035,30.7861,286.7,87,98,1.51
15,Cap Malheureux,MU,2021-06-07 01:59:08,-19.9842,57.6142,296.42,85,11,1.79
16,Vao,NC,2021-06-07 01:53:08,-22.6667,167.4833,294.24,62,21,6.71
17,Cape Town,ZA,2021-06-07 01:49:09,-33.9258,18.4232,292.66,37,0,6.36
18,Coquimbo,CL,2021-06-07 01:52:14,-29.9533,-71.3436,286.0,87,90,0.98
19,Port Keats,AU,2021-06-07 01:59:08,-14.25,129.55,301.85,27,7,1.85
20,Atuona,PF,2021-06-07 01:51:59,-9.8,-139.0333,300.09,63,13,3.61
21,Saint-Philippe,RE,2021-06-07 01:51:50,-21.3585,55.7679,294.92,83,98,7.73
22,Bandar-E Lengeh,IR,2021-06-07 01:59:08,26.5579,54.8807,303.5,78,4,7.98
23,Kapaa,US,2021-06-07 01:51:38,22.0752,-159.319,301.33,66,20,1.34
24,Porto Novo,BJ,2021-06-07 01:56:27,6.4965,2.6036,301.05,85,49,2.63
25,Jubbal,IN,2021-06-07 01:59:09,31.1167,77.6667,291.38,55,1,1.2
26,Georgetown,MY,2021-06-07 01:51:46,5.4112,100.3354,302.11,85,20,1.34
27,Kampene,CD,2021-06-07 01:59:09,-3.6,26.6667,292.75,98,100,0.46
28,Nome,US,2021-06-07 01:59:09,64.5011,-165.4064,274.91,86,78,2.08
29,Tuktoyaktuk,CA,2021-06-07 01:51:39,69.4541,-133.0374,276.15,70,75,6.69
30,Ushuaia,AR,2021-06-07 01:47:55,-54.8,-68.3,278.96,65,40,9.26
31,Port Blair,IN,2021-06-07 01:55:30,11.6667,92.75,299.17,83,90,4.12
32,Abu Samrah,SY,2021-06-07 01:55:27,35.3029,37.1841,290.88,43,0,2.64
33,Marzuq,YE,2021-06-07 01:59:09,14.4,46.4667,299.16,39,49,2.34
34,Victoria,HK,2021-06-07 01:47:53,22.2855,114.1577,302.25,78,72,1.34
35,Bredasdorp,ZA,2021-06-07 01:51:45,-34.5322,20.0403,286.77,47,6,3.76
36,Albany,US,2021-06-07 01:50:11,42.6001,-73.9662,297.67,71,25,1.27
37,Narsaq,GL,2021-06-07 01:52:25,60.9167,-46.05,279.59,76,100,1.12
38,Iqaluit,CA,2021-06-07 01:52:50,63.7506,-68.5145,273.0,93,75,2.24
39,Clyde River,CA,2021-06-07 01:53:33,70.4692,-68.5914,274.28,93,90,7.72
40,Punta Arenas,CL,2021-06-07 01:51:23,-53.15,-70.9167,275.21,87,0,4.48
41,Suez,EG,2021-06-07 01:59:10,29.9737,32.5263,291.85,74,0,3.62
42,Butaritari,KI,2021-06-07 01:51:56,3.0707,172.7902,301.49,72,18,3.69
43,Hermanus,ZA,2021-06-07 01:51:46,-34.4187,19.2345,292.54,46,3,5.3
44,Rincon,US,2021-06-07 01:59:10,32.296,-81.2354,299.74,93,99,2.43
45,Mar Del Plata,AR,2021-06-07 01:51:46,-38.0023,-57.5575,284.89,72,80,0.45
46,Vila Velha,BR,2021-06-07 01:51:14,-20.3297,-40.2925,295.34,91,20,0.89
47,Fonte Boa,BR,2021-06-07 01:59:11,-2.4959,-66.2662,296.56,92,77,0.58
48,Gorontalo,ID,2021-06-07 01:52:06,0.5412,123.0595,303.87,61,45,1.31
49,Byron Bay,AU,2021-06-07 01:52:09,-28.65,153.6167,294.12,59,0,1.66
50,Cidreira,BR,2021-06-07 01:51:15,-30.1811,-50.2056,290.19,77,100,5.16
51,Port Lincoln,AU,2021-06-07 01:59:11,-34.7333,135.8667,291.19,57,13,12.27
52,Dikson,RU,2021-06-07 01:51:20,73.5069,80.5464,272.0,93,100,6.39
53,New Norfolk,AU,2021-06-07 01:51:50,-42.7826,147.0587,290.18,53,100,1.79
54,Trairi,BR,2021-06-07 01:55:47,-3.2778,-39.2689,297.67,87,8,2.77
55,Chapais,CA,2021-06-07 01:51:17,49.7834,-74.8492,294.03,78,49,2.83
56,Rikitea,PF,2021-06-07 01:51:42,-23.1203,-134.9692,297.81,85,100,7.22
57,Novomykolayivka,UA,2021-06-07 01:59:11,47.9781,35.9102,287.29,92,14,2.4
58,Sinnamary,GF,2021-06-07 01:52:21,5.3833,-52.95,298.15,89,100,1.9
59,Xianyang,CN,2021-06-07 01:57:45,34.3378,108.7026,301.73,44,0,4.5
60,Qinhuangdao,CN,2021-06-07 01:59:12,39.9317,119.5883,294.09,61,100,3.46
61,Norman Wells,CA,2021-06-07 01:52:07,65.282,-126.8329,285.17,58,75,2.06
62,Sorong,ID,2021-06-07 01:53:09,-0.8833,131.25,302.12,70,100,2.26
63,Haines Junction,CA,2021-06-07 01:53:32,60.7522,-137.5108,285.12,62,100,2.57
64,Castro,BR,2021-06-07 01:51:55,-24.7911,-50.0119,288.51,73,100,1.57
65,Avarua,CK,2021-06-07 01:51:49,-21.2078,-159.775,296.18,68,75,2.06
66,Smithers,CA,2021-06-07 01:59:12,54.7804,-127.1743,288.33,44,75,5.66
67,Itupiranga,BR,2021-06-07 01:56:22,-5.1347,-49.3267,298.62,73,57,0.9
68,Lubao,PH,2021-06-07 01:59:13,14.9167,120.55,305.99,59,76,2.14
69,Cayenne,GF,2021-06-07 01:51:13,4.9333,-52.3333,299.31,88,90,1.43
70,Jawhar,SO,2021-06-07 01:59:13,2.7809,45.5005,296.52,92,53,6.02
71,Tommot,RU,2021-06-07 01:59:13,58.9564,126.2925,285.67,76,100,5.01
72,Ilulissat,GL,2021-06-07 01:52:17,69.2167,-51.1,277.34,72,0,1.45
73,Kungurtug,RU,2021-06-07 01:53:50,50.5994,97.5228,280.01,68,96,1.74
74,Tasiilaq,GL,2021-06-07 01:52:17,65.6145,-37.6368,277.13,89,94,1.61
75,Ancud,CL,2021-06-07 01:53:28,-41.8697,-73.8203,284.39,87,100,7.27
76,Hirapur,IN,2021-06-07 01:59:14,21.5333,79.7667,305.63,47,16,3.21
77,Longyearbyen,SJ,2021-06-07 01:51:58,78.2186,15.6401,272.21,81,98,1.57
78,Caravelas,BR,2021-06-07 01:59:14,-17.7125,-39.2481,295.63,84,40,2.06
79,Airai,TL,2021-06-07 01:52:05,-8.9266,125.4092,294.8,50,97,1.33
80,Samana,DO,2021-06-07 01:59:14,19.2056,-69.3369,297.85,86,100,4.31
81,Sitka,US,2021-06-07 01:52:49,57.0531,-135.33,285.09,62,90,2.06
82,Saint-Augustin,CA,2021-06-07 01:52:13,51.226,-58.6502,282.39,73,100,5.27
83,Gizo,SB,2021-06-07 01:59:14,-8.103,156.8419,302.3,69,53,1.78
84,Wuda,CN,2021-06-07 01:59:15,39.4994,106.7117,298.01,20,6,4.92
85,Souillac,MU,2021-06-07 01:51:05,-20.5167,57.5167,296.36,83,40,6.49
86,Jamestown,US,2021-06-07 01:50:14,42.097,-79.2353,296.95,64,1,3.6
87,Busselton,AU,2021-06-07 01:51:41,-33.65,115.3333,285.4,61,21,3.85
88,Harrisonburg,US,2021-06-07 01:56:43,38.4496,-78.8689,298.36,51,79,1.51
89,Korla,CN,2021-06-07 01:52:29,41.7597,86.1469,298.24,29,49,3.92
90,Bethel,US,2021-06-07 01:51:56,41.3712,-73.414,299.31,73,74,1.87
91,Yumen,CN,2021-06-07 01:52:05,40.2833,97.2,291.76,12,66,5.73
92,Fortuna,US,2021-06-07 01:51:58,40.5982,-124.1573,292.14,61,1,3.13
93,Taoudenni,ML,2021-06-07 01:53:30,22.6783,-3.9836,310.25,9,57,2.59
94,Synya,RU,2021-06-07 01:55:25,65.3718,58.0387,276.77,62,99,3.88
95,Matara,LK,2021-06-07 01:55:31,5.9485,80.5353,300.1,85,94,4.27
96,Qaqortoq,GL,2021-06-07 01:52:18,60.7167,-46.0333,277.68,86,100,2.38
97,Kavieng,PG,2021-06-07 01:51:51,-2.5744,150.7967,301.91,69,12,2.44
98,Kruisfontein,ZA,2021-06-07 01:51:58,-34.0033,24.7314,285.76,27,0,3.69
99,Balsas,BR,2021-06-07 01:59:17,-7.5325,-46.0356,299.9,45,99,0.36
100,Lebu,CL,2021-06-07 01:52:10,-37.6167,-73.65,281.59,83,96,3.07
101,Chokurdakh,RU,2021-06-07 01:52:11,70.6333,147.9167,278.88,58,79,2.68
102,Saint George,US,2021-06-07 01:52:19,37.1041,-113.5841,310.48,9,1,1.34
103,Peniche,PT,2021-06-07 01:55:26,39.3558,-9.3811,289.42,86,0,7.54
104,Hasaki,JP,2021-06-07 01:52:19,35.7333,140.8333,298.31,79,100,0.95
105,Mbaiki,CF,2021-06-07 01:55:55,3.8678,17.9892,292.9,96,98,0.9
106,Jhansi,IN,2021-06-07 01:59:17,25.4333,78.5833,307.24,36,45,6.45
107,Westport,US,2021-06-07 01:49:16,41.1415,-73.3579,301.47,72,1,2.88
108,Puerto Ayora,EC,2021-06-07 01:51:58,-0.7393,-90.3518,295.12,96,32,0.89
109,Saint-Joseph,RE,2021-06-07 01:52:24,-21.3667,55.6167,294.36,84,96,7.44
110,Minas,UY,2021-06-07 01:59:18,-34.3759,-55.2377,281.41,92,79,2.88
111,Roald,NO,2021-06-07 01:52:08,62.5833,6.1333,285.32,87,90,1.03
112,Walvis Bay,NA,2021-06-07 01:56:39,-22.9575,14.5053,295.68,23,0,6.12
113,Guymon,US,2021-06-07 01:58:30,36.6828,-101.4816,301.16,45,0,5.62
114,Cherskiy,RU,2021-06-07 01:52:09,68.75,161.3,294.38,33,80,9.12
115,Rajbiraj,NP,2021-06-07 01:59:18,26.5333,86.75,303.28,66,0,4.23
116,Aklavik,CA,2021-06-07 01:53:33,68.2191,-135.0107,282.55,37,12,4.03
117,Waddan,LY,2021-06-07 01:59:18,29.1614,16.139,297.27,26,0,3.55
118,Labuhan,ID,2021-06-07 01:51:47,-6.8844,112.2051,301.72,70,88,2.89
119,Gisborne,NZ,2021-06-07 01:59:18,-38.6533,178.0042,289.79,74,100,5.97
120,Salalah,OM,2021-06-07 01:48:24,17.0151,54.0924,302.2,89,75,2.06
121,Hithadhoo,MV,2021-06-07 01:51:43,-0.6,73.0833,301.47,72,9,5.46
122,Port Alfred,ZA,2021-06-07 01:51:44,-33.5906,26.891,290.08,36,0,4.23
123,Kudahuvadhoo,MV,2021-06-07 01:53:50,2.6708,72.8944,301.36,72,30,6.81
124,Fort Nelson,CA,2021-06-07 01:55:59,58.8053,-122.7002,289.92,36,75,5.14
125,Whitianga,NZ,2021-06-07 01:59:19,-36.8333,175.7,288.16,88,100,9.26
126,Khilok,RU,2021-06-07 01:59:19,51.3674,110.4676,280.95,89,100,1.77
127,Vanavara,RU,2021-06-07 01:59:19,60.34,102.2797,277.38,91,100,2.61
128,Erdenet,MN,2021-06-07 01:59:20,49.0333,104.0833,275.39,100,100,2.88
129,Itea,GR,2021-06-07 01:59:20,38.4333,22.4167,293.25,57,25,2.76
130,Mount Isa,AU,2021-06-07 01:59:20,-20.7333,139.5,295.02,37,0,3.6
131,Banda Aceh,ID,2021-06-07 01:55:59,5.5577,95.3222,301.43,68,100,4.51
132,Upernavik,GL,2021-06-07 01:51:53,72.7868,-56.1549,275.26,83,21,2.08
133,Thompson,CA,2021-06-07 01:52:35,55.7435,-97.8558,287.24,88,90,3.09
134,Dingle,PH,2021-06-07 01:51:48,10.9995,122.6711,302.35,67,100,1.92
135,Requena,ES,2021-06-07 01:59:21,39.4883,-1.1004,287.67,77,0,0.67
136,Ayan,RU,2021-06-07 01:59:21,56.45,138.1667,278.85,89,96,1.93
137,Cuicatlan,MX,2021-06-07 01:59:21,17.8,-96.9667,298.09,84,34,1.22
138,Bay Roberts,CA,2021-06-07 01:59:21,47.5999,-53.2648,277.78,90,37,2.68
139,Russell,US,2021-06-07 01:52:09,32.3502,-85.1999,297.72,94,90,1.54
140,Shubarkuduk,KZ,2021-06-07 01:59:22,49.1447,56.4872,291.43,48,100,2.72
141,Otavi,NA,2021-06-07 01:53:25,-19.65,17.3333,283.11,51,0,4.26
142,Safranbolu,TR,2021-06-07 01:59:22,41.2508,32.6942,282.66,77,55,0.84
143,Springfield,US,2021-06-07 01:55:39,37.2153,-93.2982,295.35,94,80,1.34
144,Sambava,MG,2021-06-07 01:59:22,-14.2667,50.1667,294.97,86,40,5.48
145,Chuy,UY,2021-06-07 01:51:48,-33.6971,-53.4616,283.29,79,8,2.91
146,Naze,JP,2021-06-07 01:53:18,28.3667,129.4833,297.66,93,100,3.05
147,Erenhot,CN,2021-06-07 01:59:23,43.6475,111.9767,298.36,33,76,8.68
148,Meghri,AM,2021-06-07 01:59:23,38.9029,46.2446,289.42,88,78,1.65
149,Samfya,ZM,2021-06-07 01:59:24,-11.3649,29.5565,287.18,74,54,4.21
150,Southbridge,US,2021-06-07 01:52:47,42.0751,-72.0334,299.16,79,78,2.81
151,Mahebourg,MU,2021-06-07 01:51:33,-20.4081,57.7,296.31,83,40,4.12
152,Acapulco,MX,2021-06-07 01:51:59,16.8634,-99.8901,302.02,78,100,3.59
153,Puerto Escondido,MX,2021-06-07 01:52:32,15.85,-97.0667,301.88,80,100,2.38
154,Sorland,NO,2021-06-07 01:51:44,67.667,12.6934,283.39,96,100,2.79
155,Mitsamiouli,KM,2021-06-07 01:53:11,-11.3847,43.2844,298.81,70,9,6.65
156,Katangli,RU,2021-06-07 01:53:05,51.7102,143.2326,278.37,92,100,7.05
157,Elat,IL,2021-06-07 01:59:24,29.5581,34.9482,295.8,48,41,3.39
158,Port-Gentil,GA,2021-06-07 01:52:32,-0.7193,8.7815,298.89,87,100,4.11
159,Isangel,VU,2021-06-07 01:55:54,-19.55,169.2667,297.03,57,100,5.09
160,Meulaboh,ID,2021-06-07 01:51:53,4.1363,96.1285,298.8,79,100,2.35
161,Prenzlau,DE,2021-06-07 01:59:25,53.3167,13.8667,286.71,72,8,2.51
162,Tam Ky,VN,2021-06-07 01:59:25,15.5667,108.4833,306.14,55,100,1.87
163,Bereda,ES,2021-06-07 01:59:25,43.2686,-7.5406,285.32,98,76,1.65
164,Batouri,CM,2021-06-07 01:59:25,4.4333,14.3667,293.53,98,99,0.61
165,Tigil,RU,2021-06-07 01:53:27,57.8,158.6667,285.96,60,96,3.44
166,Mangrol,IN,2021-06-07 01:59:26,21.1167,70.1167,302.71,67,21,4.28
167,Ambilobe,MG,2021-06-07 01:52:32,-13.2,49.05,293.48,93,69,1.44
168,Harper,LR,2021-06-07 01:59:26,4.375,-7.7169,298.81,86,100,4.53
169,Lerwick,GB,2021-06-07 01:59:26,60.1545,-1.1494,280.15,80,75,0.98
170,Sri Aman,MY,2021-06-07 01:59:26,1.2376,111.4621,300.18,83,20,1.54
171,Oktyabrskiy,RU,2021-06-07 01:52:16,54.4815,53.471,288.22,72,1,0.47
172,Qaanaaq,GL,2021-06-07 01:52:06,77.484,-69.3632,277.46,73,58,2.75
173,Batavia,US,2021-06-07 01:50:04,41.85,-88.3126,302.14,56,20,4.63
174,Margate,GB,2021-06-07 01:53:40,51.3813,1.3862,288.54,81,22,3.11
175,Vaini,TO,2021-06-07 01:52:05,-21.2,-175.2,298.24,83,75,4.63
176,Acajutla,SV,2021-06-07 01:53:24,13.5928,-89.8275,299.98,82,37,2.77
177,Kununurra,AU,2021-06-07 01:52:10,-15.7667,128.7333,300.14,24,7,3.09
178,Lalmohan,BD,2021-06-07 01:59:27,22.3384,90.7419,303.45,79,99,6.07
179,Vokhtoga,RU,2021-06-07 01:59:27,58.8147,41.0461,286.98,71,7,0.92
180,Mount Gambier,AU,2021-06-07 01:53:46,-37.8333,140.7667,289.1,63,100,9.26
181,Geraldton,AU,2021-06-07 01:52:04,-28.7667,114.6,289.33,72,100,7.47
182,Preobrazheniye,RU,2021-06-07 01:59:28,42.9019,133.9064,292.07,59,71,4.5
183,Rawson,AR,2021-06-07 01:54:54,-43.3002,-65.1023,281.95,55,28,8.59
184,Faanui,PF,2021-06-07 01:53:00,-16.4833,-151.75,300.59,76,38,5.05
185,Guerrero Negro,MX,2021-06-07 01:52:18,27.9769,-114.0611,290.86,74,83,7.34
186,Port Elizabeth,ZA,2021-06-07 01:51:17,-33.918,25.5701,287.31,41,0,4.12
187,Pierre,US,2021-06-07 01:55:27,44.3683,-100.351,298.18,67,2,1.79
188,Juneau,US,2021-06-07 01:59:28,58.3019,-134.4197,286.05,88,71,1.35
189,Grand Gaube,MU,2021-06-07 01:51:45,-20.0064,57.6608,296.37,84,11,1.34
190,Ekhabi,RU,2021-06-07 01:59:28,53.5102,142.9671,276.52,96,100,5.66
191,Sabha,LY,2021-06-07 01:59:28,27.0377,14.4283,299.51,21,68,4.91
192,Juazeiro,BR,2021-06-07 01:59:29,-9.4117,-40.4986,298.25,65,20,2.57
193,Pedernales,DO,2021-06-07 01:59:29,18.0384,-71.744,299.72,73,11,4.77
194,Vardo,NO,2021-06-07 01:51:49,70.3705,31.1107,277.16,72,6,2.17
195,Bombay,IN,2021-06-07 01:56:23,19.0144,72.8479,299.14,100,75,3.6
196,Carnarvon,AU,2021-06-07 01:51:49,-24.8667,113.6333,291.19,63,100,5.14
197,Kushiro,JP,2021-06-07 01:59:29,42.975,144.3747,296.68,49,40,4.33
198,Dandeli,IN,2021-06-07 01:59:29,15.2667,74.6167,294.05,90,64,1.31
199,Dongli,CN,2021-06-07 01:59:30,23.5656,116.8194,301.14,69,20,4.03
200,Hilo,US,2021-06-07 01:51:40,19.7297,-155.09,302.19,73,90,6.17
201,Srednekolymsk,RU,2021-06-07 01:53:25,67.45,153.6833,282.62,61,90,6.31
202,Pevek,RU,2021-06-07 01:52:28,69.7008,170.3133,282.8,60,4,5.55
203,Punta De Piedra,VE,2021-06-07 01:59:30,7.6176,-71.4916,294.87,98,100,0.88
204,Quatre Cocos,MU,2021-06-07 01:56:20,-20.2078,57.7625,296.21,81,48,7.19
205,Urumqi,CN,2021-06-07 01:52:08,43.801,87.6005,291.68,37,0,1.58
206,Vredendal,ZA,2021-06-07 01:59:30,-31.6683,18.5012,292.49,28,0,12.51
207,Asfi,MA,2021-06-07 01:52:39,32.2994,-9.2372,292.28,86,0,4.6
208,Calvinia,ZA,2021-06-07 01:59:31,-31.4707,19.776,283.61,41,0,7.32
209,Kutum,SD,2021-06-07 01:53:37,14.2,24.6667,297.09,19,15,1.79
210,Nanortalik,GL,2021-06-07 01:51:40,60.1432,-45.2371,279.16,76,100,5.02
211,Hamilton,US,2021-06-07 01:51:03,39.1834,-84.5333,297.5,89,20,0.45
212,Pangnirtung,CA,2021-06-07 01:51:14,66.1451,-65.7125,270.47,92,92,1.7
213,Berberati,CF,2021-06-07 01:59:31,4.2612,15.7922,292.41,98,96,0.46
214,Inhambane,MZ,2021-06-07 01:59:31,-23.865,35.3833,292.64,72,70,5.17
215,Faya,SA,2021-06-07 01:53:08,18.3851,42.4509,292.21,44,9,1.07
216,Kodiak,US,2021-06-07 01:49:52,57.79,-152.4072,291.88,32,1,6.17
217,Nachingwea,TZ,2021-06-07 01:59:32,-10.3833,38.7667,288.98,81,0,2.25
218,Klaksvik,FO,2021-06-07 01:53:26,62.2266,-6.589,282.66,96,100,2.52
219,Alofi,NU,2021-06-07 01:52:03,-19.0595,-169.9187,299.09,65,10,3.09
220,Brae,GB,2021-06-07 01:53:24,60.3964,-1.353,280.1,82,93,1.16
221,Coahuayana,MX,2021-06-07 01:56:37,18.7333,-103.6833,300.18,74,66,1.29
222,East London,ZA,2021-06-07 01:51:39,-33.0153,27.9116,290.15,39,0,4.79
223,Gweru,ZW,2021-06-07 01:59:32,-19.45,29.8167,280.86,95,68,5.55
224,Hovd,MN,2021-06-07 01:52:01,48.0056,91.6419,283.66,41,0,3.12
225,Port Hardy,CA,2021-06-07 01:51:57,50.6996,-127.4199,287.25,67,75,1.54
226,Portland,US,2021-06-07 01:49:30,45.5234,-122.6762,289.21,76,90,1.34
227,Jalu,LY,2021-06-07 01:56:35,29.0331,21.5482,295.73,33,0,3.57
228,Opuwo,NA,2021-06-07 01:56:40,-18.0607,13.84,285.76,49,2,2.43
229,Sretensk,RU,2021-06-07 01:59:32,52.2453,117.7093,299.87,27,9,2.99
230,Bage,BR,2021-06-07 01:59:33,-31.3314,-54.1069,280.82,100,0,3.6
231,Bukama,CD,2021-06-07 01:59:33,-9.2,25.85,291.46,67,25,1.0
232,Changchun,CN,2021-06-07 01:59:33,43.88,125.3228,294.13,44,33,0.67
233,Rocha,UY,2021-06-07 01:59:33,-34.4833,-54.3333,280.51,90,95,1.63
234,Boddam,GB,2021-06-07 01:59:34,57.4667,-1.7833,282.99,82,99,2.44
235,Odweyne,SO,2021-06-07 01:59:34,9.4092,45.064,295.64,61,0,4.93
236,Savelugu,GH,2021-06-07 01:59:34,9.6244,-0.8253,297.03,80,96,1.18
237,Lukaya,UG,2021-06-07 01:59:34,-0.1489,31.8748,293.18,88,72,1.35
238,Wanning,CN,2021-06-07 01:55:34,18.8003,110.3967,304.13,66,27,3.11
239,Esperance,AU,2021-06-07 01:52:18,-33.8667,121.9,288.06,60,100,11.3
240,Plateros,MX,2021-06-07 01:59:35,23.2167,-102.85,297.66,18,44,2.21
241,Abu Dhabi,AE,2021-06-07 01:57:46,24.4667,54.3667,305.16,66,0,5.91
242,Yellowknife,CA,2021-06-07 01:52:00,62.456,-114.3525,282.77,57,75,1.34
243,Villazon,BO,2021-06-07 01:59:35,-22.0866,-65.5942,278.41,12,76,4.4
244,Pisco,PE,2021-06-07 01:51:59,-13.7,-76.2167,290.38,88,20,1.54
245,Kulhudhuffushi,MV,2021-06-07 01:59:35,6.6221,73.07,301.03,78,94,6.48
246,Saquarema,BR,2021-06-07 01:59:35,-22.92,-42.5103,298.16,84,3,2.1
247,Teruel,ES,2021-06-07 01:59:36,40.6667,-0.6667,286.13,61,0,1.55
248,Malindi,KE,2021-06-07 01:59:36,-3.2175,40.1191,300.24,78,20,7.72
249,Port Moresby,PG,2021-06-07 01:59:36,-9.4431,147.1797,300.83,78,75,5.14
250,Gat,IL,2021-06-07 01:52:07,31.61,34.7642,292.82,78,0,0.78
251,Coihaique,CL,2021-06-07 01:52:10,-45.5752,-72.0662,279.12,87,90,3.09
252,Ust-Karsk,RU,2021-06-07 01:59:36,52.7011,118.8077,300.84,24,17,3.11
253,Khatanga,RU,2021-06-07 01:51:49,71.9667,102.5,275.85,71,97,4.49
254,Provideniya,RU,2021-06-07 01:52:19,64.3833,-173.3,276.21,70,75,5.0
255,Juba,SS,2021-06-07 01:59:37,4.8517,31.5825,294.41,92,66,2.16
256,Llanes,ES,2021-06-07 01:59:37,43.4198,-4.7549,287.19,86,47,1.75
257,Pacific Grove,US,2021-06-07 01:51:59,36.6177,-121.9166,295.92,71,20,1.79
258,Karaton,ID,2021-06-07 01:59:37,-6.3424,106.1045,303.13,76,51,1.21
259,Melito Di Porto Salvo,IT,2021-06-07 01:59:38,37.9222,15.7714,295.78,64,75,3.86
260,Skibbereen,IE,2021-06-07 01:59:38,51.55,-9.2667,282.04,88,93,3.09
261,Fort-Shevchenko,KZ,2021-06-07 01:59:38,44.5086,50.263,294.55,74,96,3.78
262,Karratha,AU,2021-06-07 01:59:38,-20.7377,116.8463,300.14,36,26,8.11
263,Emerald,AU,2021-06-07 01:52:21,-23.5333,148.1667,295.01,32,0,2.57
264,South Lake Tahoe,US,2021-06-07 01:55:09,38.9332,-119.9844,297.44,42,72,4.47
265,Bengkulu,ID,2021-06-07 01:52:25,-3.8004,102.2655,299.93,76,28,0.77
266,Suluktu,KG,2021-06-07 01:59:39,39.9337,69.57,296.86,25,64,2.37
267,Torbat-E Jam,IR,2021-06-07 01:59:39,35.244,60.6225,299.09,35,0,1.04
268,Jiangyou,CN,2021-06-07 01:59:39,31.7667,104.7167,300.15,50,100,1.0
269,Padampur,IN,2021-06-07 01:59:39,29.6833,73.6167,309.21,28,0,5.15
270,Hay River,CA,2021-06-07 01:55:34,60.8156,-115.7999,282.14,61,75,2.57
271,Vezirkopru,TR,2021-06-07 01:59:40,41.1436,35.4547,283.42,87,7,0.81
272,Cartagena Del Chaira,CO,2021-06-07 01:59:40,1.3349,-74.8429,295.45,98,100,0.49
273,Revda,RU,2021-06-07 01:59:40,56.801,59.9303,287.6,60,51,2.23
274,Grand Falls,CA,2021-06-07 01:59:40,47.0461,-67.7418,293.68,93,17,2.41
275,Sicuani,PE,2021-06-07 01:59:41,-14.2694,-71.2261,278.87,82,13,1.6
276,Pangai,TO,2021-06-07 01:59:41,-19.8,-174.35,301.21,61,75,3.6
277,Ferrol,ES,2021-06-07 01:59:41,43.4832,-8.2369,287.74,83,12,3.3
278,Kampong Thum,KH,2021-06-07 01:59:41,12.7111,104.8887,303.05,69,100,0.68
279,San Cristobal,VE,2021-06-07 01:51:21,7.7669,-72.225,294.25,99,100,0.58
280,Ponta Delgada,PT,2021-06-07 01:56:14,37.7333,-25.6667,290.55,82,20,1.54
281,Nemuro,JP,2021-06-07 01:55:49,43.3236,145.575,293.39,83,39,1.43
282,Torbay,CA,2021-06-07 01:51:39,47.6666,-52.7314,277.36,93,90,4.12
283,Khasan,RU,2021-06-07 01:59:42,42.4308,130.6434,289.7,74,25,3.0
284,Lafia,NG,2021-06-07 01:59:42,8.4833,8.5167,297.27,90,89,1.65
285,Oranjemund,NA,2021-06-07 01:57:09,-28.55,16.4333,291.88,34,0,9.2
286,Pytalovo,RU,2021-06-07 01:59:42,57.0679,27.9138,286.45,87,83,2.69
287,Mae Hong Son,TH,2021-06-07 01:59:43,19.3003,97.9685,299.23,94,40,0.0
288,Kokopo,PG,2021-06-07 01:52:04,-4.352,152.2633,301.94,71,18,1.57
289,Ahipara,NZ,2021-06-07 01:52:06,-35.1667,173.1667,289.39,89,97,4.68
290,Rio Gallegos,AR,2021-06-07 01:51:38,-51.6226,-69.2181,278.18,70,40,4.12
291,Ruteng,ID,2021-06-07 01:59:43,-8.6136,120.4721,294.59,78,66,0.65
292,Soyo,AO,2021-06-07 01:59:43,-6.1349,12.3689,296.84,91,13,2.89
293,Bad Doberan,DE,2021-06-07 01:59:43,54.1071,11.9005,288.71,73,98,1.72
294,Husavik,IS,2021-06-07 01:51:44,66.0449,-17.3389,282.1,73,38,2.98
295,Lavrentiya,RU,2021-06-07 01:56:04,65.5833,-171.0,274.83,87,91,2.44
296,Asadabad,IR,2021-06-07 01:59:44,34.7824,48.1185,287.65,33,1,1.38
297,Lazaro Cardenas,MX,2021-06-07 01:52:52,17.9583,-102.2,301.31,75,84,3.53
298,Tarut,SA,2021-06-07 01:59:44,26.5733,50.0369,309.26,49,0,6.73
299,Katsuura,JP,2021-06-07 01:52:23,35.1333,140.3,296.21,82,97,0.78
300,Hailin,CN,2021-06-07 01:59:44,44.5833,129.4167,293.15,64,30,0.1
301,Kirakira,SB,2021-06-07 01:55:38,-10.4544,161.9205,300.93,79,32,3.62
302,Gogrial,SS,2021-06-07 01:59:45,8.5332,28.1004,297.72,77,92,2.04
303,Northam,GB,2021-06-07 01:59:45,51.0333,-4.2167,284.9,95,55,2.02
304,Carauari,BR,2021-06-07 01:55:22,-4.8828,-66.8958,296.02,98,93,1.22
305,Rio Grande,BR,2021-06-07 01:56:33,-32.035,-52.0986,282.21,77,17,4.45
306,Marystown,CA,2021-06-07 01:59:45,47.1666,-55.1483,279.97,83,90,6.16
307,Axim,GH,2021-06-07 01:59:45,4.8699,-2.2405,299.08,84,23,3.16
308,Humen,CN,2021-06-07 01:59:46,22.819,113.6731,302.59,65,38,3.43
309,Kerrville,US,2021-06-07 01:59:46,30.0474,-99.1403,300.27,82,1,3.6
310,Cockburn Town,TC,2021-06-07 01:52:20,21.4612,-71.1419,299.73,79,8,9.54
311,Mana,GF,2021-06-07 01:59:46,5.6592,-53.7767,297.44,88,100,0.81
312,Constantine,DZ,2021-06-07 01:59:46,36.365,6.6147,290.82,82,75,2.57
313,Anloga,GH,2021-06-07 01:59:47,5.7947,0.8973,300.27,80,58,4.12
314,Griffith,US,2021-06-07 01:55:16,41.5284,-87.4237,301.21,59,40,5.14
315,Kaitangata,NZ,2021-06-07 01:52:27,-46.2817,169.8464,286.44,65,1,3.48
316,Maridi,SS,2021-06-07 01:59:47,4.9158,29.4742,291.88,98,85,1.81
317,Saint Anthony,US,2021-06-07 01:55:37,45.0205,-93.218,304.23,50,40,1.79
318,Chlorakas,CY,2021-06-07 01:59:47,34.8042,32.4083,291.64,39,0,3.17
319,Cortes,ES,2021-06-07 01:59:48,41.9395,-1.4396,290.15,64,7,5.55
320,Cabedelo,BR,2021-06-07 01:59:48,-6.9811,-34.8339,297.52,86,28,4.72
321,Sobolevo,RU,2021-06-07 01:56:07,54.4299,31.8996,285.75,90,93,2.54
322,Leningradskiy,RU,2021-06-07 01:52:40,69.3833,178.4167,279.72,64,14,8.01
323,The Valley,AI,2021-06-07 01:52:35,18.217,-63.0578,300.07,76,100,8.66
324,Morondava,MG,2021-06-07 01:59:48,-20.2833,44.2833,294.96,54,6,6.31
325,Kantang,TH,2021-06-07 01:59:49,7.4054,99.5156,299.2,94,40,3.31
326,Ankara,TR,2021-06-07 01:56:32,39.9199,32.8543,280.66,71,21,0.89
327,Uyuni,BO,2021-06-07 01:59:49,-20.4597,-66.825,275.65,24,80,6.7
328,Navahrudak,BY,2021-06-07 01:59:49,53.6,25.8333,283.74,94,58,3.11
329,Lima,PE,2021-06-07 01:52:41,-12.0432,-77.0282,290.45,82,90,2.06
330,Petropavlovsk-Kamchatskiy,RU,2021-06-07 01:52:28,53.0452,158.6483,281.48,87,75,2.07
331,Gao,ML,2021-06-07 01:59:49,16.6362,1.637,304.33,33,3,5.25
332,Nata,PA,2021-06-07 01:59:50,8.3333,-80.5167,300.08,90,100,1.33
333,La Ronge,CA,2021-06-07 01:51:54,55.1001,-105.2842,290.29,55,75,3.09
334,San Quintin,MX,2021-06-07 01:54:53,30.4833,-115.95,294.51,73,11,3.57
335,Kempele,FI,2021-06-07 01:59:50,64.9131,25.5034,286.16,76,46,4.12
336,Sibolga,ID,2021-06-07 01:55:49,1.7427,98.7792,301.46,65,12,0.09
337,Shimoda,JP,2021-06-07 01:53:35,34.6667,138.95,295.35,87,100,1.14
338,Union City,US,2021-06-07 01:59:50,37.5958,-122.0192,297.47,53,1,1.34
339,Villa Maria,AR,2021-06-07 01:59:51,-32.4075,-63.2402,280.27,76,100,3.38
340,Junagarh,IN,2021-06-07 01:59:51,19.8667,82.9333,305.74,46,93,3.8
341,Andros Town,BS,2021-06-07 01:59:51,24.7,-77.7667,300.13,81,33,8.0
342,Luderitz,NA,2021-06-07 01:52:36,-26.6481,15.1594,292.51,33,0,5.51
343,Huarmey,PE,2021-06-07 01:51:53,-10.0681,-78.1522,291.2,86,90,2.78
344,Colombo,LK,2021-06-07 01:58:12,6.9319,79.8478,299.12,82,60,4.15
345,Matagalpa,NI,2021-06-07 01:59:51,12.9256,-85.9175,294.67,84,38,2.58
346,Champerico,GT,2021-06-07 01:56:12,14.3,-91.9167,302.23,74,19,2.2
347,Iberia,US,2021-06-07 01:55:16,29.9502,-91.7507,299.25,93,0,3.92
348,Graaff-Reinet,ZA,2021-06-07 01:59:52,-32.2522,24.5308,282.95,36,0,4.48
349,Broome,US,2021-06-07 01:53:38,42.2506,-75.833,298.59,68,84,0.45
350,Vestmanna,FO,2021-06-07 01:56:38,62.1564,-7.1664,281.66,100,90,2.68
351,Muros,ES,2021-06-07 01:53:11,42.7762,-9.0603,289.39,84,55,3.94
352,Saint-Georges,GD,2021-06-07 01:56:11,12.0564,-61.7485,299.97,83,20,9.26
353,Verkhnyaya Toyma,RU,2021-06-07 01:59:52,62.2349,44.9985,284.09,49,84,4.35
354,Hambantota,LK,2021-06-07 01:51:53,6.1241,81.1185,298.34,100,0,7.02
355,Makakilo City,US,2021-06-07 01:55:45,21.3469,-158.0858,301.01,63,75,9.03
356,Safford,US,2021-06-07 01:59:52,32.834,-109.7076,308.74,12,0,7.07
357,General Roca,AR,2021-06-07 01:59:53,-39.0333,-67.5833,279.37,48,100,3.51
358,Sidney,AU,2021-06-07 01:51:27,-33.8679,151.2073,291.82,62,0,0.45
359,Newcastleton,GB,2021-06-07 01:59:53,55.1796,-2.8127,283.0,88,53,0.41
360,Road Town,VG,2021-06-07 01:56:20,18.4167,-64.6167,300.17,78,20,6.17
361,Aripuana,BR,2021-06-07 01:59:53,-9.1667,-60.6333,297.46,77,100,0.39
362,Arlit,NE,2021-06-07 01:59:54,18.7369,7.3853,305.88,13,87,3.91
363,Savasleyka,RU,2021-06-07 01:59:54,55.4606,42.3207,285.24,95,91,1.51
364,Goderich,CA,2021-06-07 01:52:24,43.7501,-81.7165,299.33,44,11,5.14
365,Hounde,BF,2021-06-07 01:59:54,11.5,-3.5167,302.15,51,3,2.27
366,Tautira,PF,2021-06-07 01:52:37,-17.7333,-149.15,302.16,71,7,4.42
367,Yaan,NG,2021-06-07 01:59:54,7.3833,8.5667,296.28,93,100,1.67
368,Vila,PT,2021-06-07 01:59:55,42.0304,-8.1588,284.45,80,100,1.6
369,Skelleftea,SE,2021-06-07 01:59:55,64.7507,20.9528,283.15,70,87,1.24
370,Fukue,JP,2021-06-07 01:53:09,32.6881,128.8419,296.35,78,75,3.09
371,Labuan,MY,2021-06-07 01:59:55,5.2767,115.2417,302.35,79,20,2.24
372,Broken Hill,AU,2021-06-07 01:53:24,-31.95,141.4333,287.99,47,60,7.2
373,Flinders,AU,2021-06-07 01:52:51,-34.5833,150.8552,293.18,61,99,0.89
374,Kayes,ML,2021-06-07 01:59:56,14.0,-11.0,307.11,27,35,2.37
375,Cortez,US,2021-06-07 01:59:56,37.3489,-108.5859,298.01,18,49,2.84
376,Komsomolskiy,UZ,2021-06-07 01:53:01,40.4272,71.7189,299.55,29,77,0.0
377,Te Anau,NZ,2021-06-07 01:52:24,-45.4167,167.7167,281.83,76,1,0.34
378,Babanka,UA,2021-06-07 01:59:56,48.7097,30.4483,284.59,92,42,3.49
379,Tanout,NE,2021-06-07 01:59:56,14.9709,8.8879,303.03,32,55,1.84
380,Montauban,FR,2021-06-07 01:59:57,44.0833,1.5,289.53,92,0,1.44
381,Kapit,MY,2021-06-07 01:55:28,2.0167,112.9333,302.84,67,89,0.85
382,Atasu,KZ,2021-06-07 01:53:20,48.6814,71.6433,290.51,34,100,5.66
383,Nago,JP,2021-06-07 01:59:57,26.5881,127.9761,300.19,94,100,3.51
384,Mackay,AU,2021-06-07 01:59:57,-21.15,149.2,297.06,64,90,5.66
385,Channarayapatna,IN,2021-06-07 01:59:57,12.9044,76.3917,294.87,84,61,3.95
386,Belaya Gora,RU,2021-06-07 01:59:58,68.5333,146.4167,282.12,54,46,1.38
387,Safita,SY,2021-06-07 01:59:58,34.8205,36.1153,290.1,61,0,0.67
388,Jugsalai,IN,2021-06-07 01:59:58,22.7667,86.1833,302.14,84,18,0.0
389,Ondjiva,AO,2021-06-07 01:59:58,-17.0667,15.7333,282.86,62,11,1.6
390,Maragogi,BR,2021-06-07 01:59:59,-9.0122,-35.2225,296.9,86,51,2.36
391,Dalvik,IS,2021-06-07 01:56:06,65.9702,-18.5286,282.11,79,79,5.34
392,Bambous Virieux,MU,2021-06-07 01:51:41,-20.3428,57.7575,296.29,83,40,7.16
393,Chake Chake,TZ,2021-06-07 01:59:59,-5.2459,39.7666,297.77,77,28,6.97
394,Cap-Chat,CA,2021-06-07 01:59:59,49.1001,-66.6821,286.15,71,44,2.57
395,Tawau,MY,2021-06-07 01:59:59,4.2498,117.8871,302.22,89,100,1.17
396,Shangzhi,CN,2021-06-07 02:00:00,45.2167,127.9667,294.06,59,6,0.22
397,Novyy Urengoy,RU,2021-06-07 02:00:00,66.0833,76.6333,277.51,61,79,4.86
398,Kindia,GN,2021-06-07 02:00:00,10.0569,-12.8658,295.27,92,100,0.56
399,Berlevag,NO,2021-06-07 01:53:27,70.8578,29.0864,277.78,67,1,1.14
400,Tipperary,IE,2021-06-07 02:00:01,52.4733,-8.1558,283.97,93,100,1.73
401,Laguna,US,2021-06-07 01:51:44,38.421,-121.4238,306.43,32,1,2.68
402,Kuusamo,FI,2021-06-07 02:00:06,65.9667,29.1833,283.17,76,0,1.54
403,San Patricio,US,2021-06-07 01:52:11,28.017,-97.5169,302.2,88,2,6.26
404,Cabo San Lucas,MX,2021-06-07 01:55:56,22.8909,-109.9124,308.04,60,10,4.87
405,Kovdor,RU,2021-06-07 02:00:07,67.5662,30.4758,280.86,58,1,0.78
406,Carutapera,BR,2021-06-07 01:52:36,-1.195,-46.02,296.76,94,28,2.28
407,Quelimane,MZ,2021-06-07 02:00:07,-17.8786,36.8883,290.61,81,79,1.62
408,Saldanha,ZA,2021-06-07 01:51:52,-33.0117,17.9442,294.18,37,1,12.47
409,Severo-Kurilsk,RU,2021-06-07 01:52:53,50.6789,156.125,279.85,92,100,6.24
410,Eureka,US,2021-06-07 02:00:08,40.8021,-124.1637,289.36,72,100,2.24
411,Vangaindrano,MG,2021-06-07 02:00:08,-23.35,47.6,291.36,82,93,4.77
412,Haapiti,PF,2021-06-07 02:00:08,-17.5667,-149.8667,302.0,72,26,4.07
413,Pochutla,MX,2021-06-07 01:52:36,15.7432,-96.4661,298.61,84,100,2.41
414,Poplar Bluff,US,2021-06-07 02:00:09,36.757,-90.3929,297.0,86,75,3.09
415,Iroquois Falls,CA,2021-06-07 01:56:31,48.7669,-80.6831,301.23,83,93,6.04
416,Tual,ID,2021-06-07 01:53:27,-5.6667,132.75,300.48,80,100,6.45
417,Prince Rupert,CA,2021-06-07 01:52:33,54.3161,-130.3201,285.2,79,75,3.09
418,Rodrigues Alves,BR,2021-06-07 02:00:09,-7.738,-72.6509,295.32,98,92,1.15
419,Manokwari,ID,2021-06-07 02:00:09,-0.8667,134.0833,301.42,70,100,2.1
420,Itarema,BR,2021-06-07 01:59:55,-2.9248,-39.9167,297.82,86,7,3.54
421,Sunland Park,US,2021-06-07 01:59:19,31.7965,-106.58,308.5,12,1,0.89
422,Half Moon Bay,US,2021-06-07 01:52:54,37.4636,-122.4286,296.58,62,1,5.14
423,Leh,IN,2021-06-07 01:52:01,34.1667,77.5833,283.9,24,0,1.94
424,Zhigansk,RU,2021-06-07 01:52:20,66.7697,123.3711,285.86,49,100,9.3
425,Tabou,CI,2021-06-07 01:52:30,4.423,-7.3528,298.95,84,98,3.88
426,Bellavista,PE,2021-06-07 02:00:10,-7.0561,-76.5911,295.65,94,98,0.46
427,Florian,CO,2021-06-07 02:00:10,5.8049,-73.9703,289.05,98,100,1.85
428,Namibe,AO,2021-06-07 01:52:09,-15.1961,12.1522,297.19,43,1,4.41
429,Sfantu Gheorghe,RO,2021-06-07 01:58:46,45.8667,25.7833,286.08,84,14,0.52
430,Port Shepstone,ZA,2021-06-07 02:00:10,-30.7414,30.455,287.24,70,0,4.1
431,Kloulklubed,PW,2021-06-07 01:52:12,7.0419,134.2556,300.55,77,100,4.06
432,Tomobe,JP,2021-06-07 02:00:11,36.35,140.3,297.1,72,100,1.12
433,San Rafael,AR,2021-06-07 01:55:23,-34.6177,-68.3301,283.84,61,23,0.76
434,Mpika,ZM,2021-06-07 02:00:11,-11.8343,31.4529,282.52,91,32,2.82
435,Simao,CN,2021-06-07 02:00:11,22.7886,100.9748,296.38,84,49,1.13
436,Sarakhs,IR,2021-06-07 02:00:11,36.5449,61.1577,300.46,33,0,3.68
437,Pauini,BR,2021-06-07 01:56:19,-7.7136,-66.9764,295.47,99,91,0.4
438,Paita,PE,2021-06-07 02:00:12,-5.0892,-81.1144,293.3,81,99,6.15
439,Hofu,JP,2021-06-07 02:00:12,34.05,131.5667,295.46,78,100,2.68
440,Celestun,MX,2021-06-07 02:00:13,20.8667,-90.4,302.13,73,100,6.1
441,Catalina Foothills,US,2021-06-07 02:00:13,32.2979,-110.9187,309.95,11,0,2.68
442,Aswan,EG,2021-06-07 02:00:13,24.0934,32.907,299.9,19,0,5.49
443,Lompoc,US,2021-06-07 01:52:00,34.6391,-120.4579,293.16,77,90,4.36
444,Arroio Grande,BR,2021-06-07 02:00:13,-32.2375,-53.0869,282.37,89,0,2.46
445,Pocao De Pedras,BR,2021-06-07 02:00:14,-4.6667,-44.85,296.62,80,12,0.86
446,Santa Cruz,BO,2021-06-07 01:53:07,-17.8,-63.1667,292.85,94,75,1.42
447,Gurupa,BR,2021-06-07 02:00:14,-1.405,-51.64,297.64,87,72,1.58
448,Sisimiut,GL,2021-06-07 02:00:14,66.9395,-53.6735,278.17,88,100,0.78
449,Oum Hadjer,TD,2021-06-07 02:00:15,13.2954,19.6966,304.52,34,94,2.48
450,Balagansk,RU,2021-06-07 02:00:15,54.0103,103.0544,286.89,55,58,1.22
451,Isiro,CD,2021-06-07 02:00:15,2.7739,27.616,291.34,98,88,0.82
452,Yarada,IN,2021-06-07 02:00:16,17.65,83.2667,303.33,79,40,5.99
453,Lasa,IT,2021-06-07 01:53:48,46.6166,10.7002,288.64,94,100,0.43
454,Corner Brook,CA,2021-06-07 02:00:16,48.9667,-57.9484,279.38,77,100,0.14
455,Kurilsk,RU,2021-06-07 02:00:16,45.2333,147.8833,283.01,91,66,3.86
456,Minab,IR,2021-06-07 02:00:16,27.1467,57.0801,303.03,75,53,2.41
457,Bathsheba,BB,2021-06-07 01:51:42,13.2167,-59.5167,300.49,69,40,8.87
458,Adrar,MR,2021-06-07 01:55:57,20.5022,-10.0711,305.48,12,0,7.71
459,El Alto,PE,2021-06-07 02:00:17,-4.2714,-81.2147,292.01,84,100,5.84
460,Batangafo,CF,2021-06-07 02:00:17,7.3008,18.2833,293.85,89,43,1.67
461,Bayir,TR,2021-06-07 02:00:17,37.2687,28.2167,283.44,44,3,1.75
462,Boralday,KZ,2021-06-07 02:00:17,43.3578,76.8594,292.07,55,75,2.56
463,Pangkalanbuun,ID,2021-06-07 02:00:18,-2.6833,111.6167,303.31,64,56,1.96
464,Punto Fijo,VE,2021-06-07 01:52:23,11.6956,-70.1996,300.07,79,100,10.03
465,Adeje,ES,2021-06-07 02:00:18,28.1227,-16.726,291.21,70,20,1.38
466,Aliquippa,US,2021-06-07 02:00:18,40.6367,-80.2401,298.98,71,1,0.99
467,Boa Vista,BR,2021-06-07 01:53:45,2.8197,-60.6733,301.14,78,20,2.06
468,Rorvik,NO,2021-06-07 02:00:19,64.8621,11.2373,284.92,97,100,3.79
469,Aksu,CN,2021-06-07 01:52:25,41.1231,80.2644,300.86,20,0,3.66
470,Kathmandu,NP,2021-06-07 01:53:10,27.7167,85.3167,298.27,73,20,0.0
471,Marfino,RU,2021-06-07 02:00:19,55.7028,37.3822,288.23,92,0,2.01
472,Hue,VN,2021-06-07 02:00:19,16.4667,107.6,307.21,49,20,1.3
473,Humaita,BR,2021-06-07 02:00:19,-7.5061,-63.0208,297.25,89,100,0.4
474,Okhotsk,RU,2021-06-07 01:55:36,59.3833,143.3,282.05,76,100,3.24
475,Zyryanka,RU,2021-06-07 02:00:20,65.75,150.85,280.38,80,100,3.84
476,Methoni,GR,2021-06-07 02:00:20,36.8197,21.7049,294.38,75,3,5.43
477,Sao Raimundo Nonato,BR,2021-06-07 01:51:41,-9.0153,-42.6994,295.79,49,100,1.11
478,Manoel Urbano,BR,2021-06-07 02:00:20,-8.8389,-69.2597,295.72,99,43,1.06
479,Beringovskiy,RU,2021-06-07 01:51:51,63.05,179.3167,274.48,99,100,1.98
480,Pozo Colorado,PY,2021-06-07 02:00:21,-23.4923,-58.7972,293.97,82,94,2.05
481,Lata,PT,2021-06-07 01:53:36,40.1629,-8.3327,288.6,94,4,0.65
482,Ulaangom,MN,2021-06-07 02:00:21,49.9811,92.0667,285.66,45,8,1.57
483,Ambon,ID,2021-06-07 01:52:15,-3.6954,128.1814,302.23,74,40,5.14
484,Gunzenhausen,DE,2021-06-07 02:00:21,49.1,10.75,289.72,98,100,2.51
485,Moron,AR,2021-06-07 01:52:22,-34.6534,-58.6198,285.36,89,96,2.93
486,Yar-Sale,RU,2021-06-07 02:00:22,66.8333,70.8333,277.12,60,84,5.2
487,Ascension,US,2021-06-07 02:00:22,30.2169,-90.9001,298.15,93,1,0.0
488,Kahului,US,2021-06-07 01:52:10,20.8947,-156.47,303.16,66,40,10.29
489,Palmer,US,2021-06-07 01:53:03,42.1584,-72.3287,298.61,72,64,2.44
490,Swellendam,ZA,2021-06-07 02:00:22,-34.0226,20.4417,288.05,40,1,5.01
491,Alushta,UA,2021-06-07 02:00:23,44.6667,34.4167,288.92,78,90,2.67
492,La Tuque,CA,2021-06-07 01:58:00,47.4334,-72.7824,297.29,73,64,1.03
493,Mantua,IT,2021-06-07 01:52:46,45.1667,10.7833,293.01,90,96,0.89
494,Poum,NC,2021-06-07 01:52:53,-20.2333,164.0167,296.28,59,98,7.27
495,Ribeira Grande,PT,2021-06-07 01:52:06,38.5167,-28.7,291.38,90,100,3.98
496,Lae,PG,2021-06-07 02:00:23,-6.7221,146.9847,302.49,68,100,2.16
497,Vanimo,PG,2021-06-07 02:00:23,-2.6741,141.3028,301.41,77,72,3.75
498,Pangody,RU,2021-06-07 01:55:14,65.85,74.4859,277.33,56,34,4.96
499,Port Hedland,AU,2021-06-07 01:51:50,-20.3167,118.5667,300.18,24,75,8.23
500,Reutte,AT,2021-06-07 02:00:24,47.4833,10.7167,288.1,98,100,0.71
501,Mushie,CD,2021-06-07 02:00:24,-3.0167,16.9,294.56,96,79,0.52
502,Perth,AU,2021-06-07 02:00:16,-31.9333,115.8333,288.86,82,0,4.03
503,Vestmannaeyjar,IS,2021-06-07 01:52:03,63.4427,-20.2734,281.89,90,100,9.24
504,Ambovombe,MG,2021-06-07 02:00:24,-25.1667,46.0833,290.51,73,29,6.49
505,Constitucion,CL,2021-06-07 01:53:29,-35.3333,-72.4167,284.28,66,100,2.31
506,Ndele,CF,2021-06-07 02:00:25,8.4109,20.6473,294.27,91,99,1.92
507,Santana Do Matos,BR,2021-06-07 02:00:25,-5.9575,-36.6556,298.47,69,100,5.15
508,Cansuje,PH,2021-06-07 02:00:25,9.9231,123.4963,298.27,69,93,1.71
509,Olafsvik,IS,2021-06-07 01:52:08,64.8945,-23.7142,281.25,88,100,1.04
510,Kokoda,PG,2021-06-07 02:00:25,-8.8785,147.7407,300.45,84,100,1.93
511,Pimentel,PE,2021-06-07 02:00:26,-6.8367,-79.9342,292.59,85,97,0.45
512,Kropotkin,RU,2021-06-07 02:00:26,45.4375,40.5756,284.96,95,96,3.22
513,Porto Velho,BR,2021-06-07 02:00:26,-8.7619,-63.9039,297.18,94,20,0.0
514,Tunceli,TR,2021-06-07 02:00:26,39.1083,39.5471,284.33,58,0,2.07
515,Nhulunbuy,AU,2021-06-07 01:55:16,-12.2333,136.7667,299.49,78,75,6.17
516,Williams Lake,CA,2021-06-07 02:00:16,52.1415,-122.1445,282.16,55,77,1.79
517,Mecca,SA,2021-06-07 02:00:18,21.4267,39.8261,302.6,50,7,2.22
518,Flin Flon,CA,2021-06-07 01:56:18,54.7682,-101.865,289.36,52,100,3.85
519,Lowestoft,GB,2021-06-07 02:00:27,52.4752,1.7516,288.24,80,10,3.4
520,Vryburg,ZA,2021-06-07 02:00:27,-26.9566,24.7284,278.16,81,0,3.63
521,Naliya,IN,2021-06-07 02:00:27,23.2667,68.8333,302.78,64,71,5.62
522,Waipawa,NZ,2021-06-07 01:58:03,-41.4122,175.5153,285.62,68,92,5.09
523,Tura,IN,2021-06-07 01:55:22,25.5198,90.2201,298.66,88,46,2.43
524,Novochernorechenskiy,RU,2021-06-07 02:00:28,56.2669,91.0828,287.86,86,100,4.4
525,Lagoa,PT,2021-06-07 01:52:28,39.05,-27.9833,290.66,88,100,5.83
526,Sayyan,YE,2021-06-07 01:52:35,15.1718,44.3244,290.29,50,21,1.31
527,Campbell River,CA,2021-06-07 02:00:15,50.0163,-125.2446,285.52,72,75,4.12
528,Maputo,MZ,2021-06-07 02:00:28,-25.9653,32.5892,288.83,83,69,1.34
529,Cangzhou,CN,2021-06-07 02:00:29,38.3167,116.8667,304.5,35,93,5.09
530,Tartagal,AR,2021-06-07 02:00:29,-22.5164,-63.8013,288.13,91,100,0.56
531,Evensk,RU,2021-06-07 01:56:00,61.95,159.2333,282.8,73,51,3.82
532,Tricase,IT,2021-06-07 02:00:29,39.9304,18.3553,292.77,73,2,2.07
533,Kralendijk,BQ,2021-06-07 02:00:29,12.15,-68.2667,299.9,85,100,9.96
534,Churapcha,RU,2021-06-07 02:00:30,62.0025,132.4325,296.91,46,99,6.79
535,Obo,CF,2021-06-07 02:00:30,5.3998,26.4869,292.46,98,100,0.93
536,Kondinskoye,RU,2021-06-07 02:00:30,59.6481,67.41,288.93,81,43,1.64
537,Sept-Iles,CA,2021-06-07 01:59:16,50.2001,-66.3821,283.74,84,40,0.89
538,Gushikawa,JP,2021-06-07 02:00:31,26.3544,127.8686,299.72,94,100,2.51
539,Karatau,KZ,2021-06-07 02:00:31,43.1667,70.4667,299.91,38,1,2.14
540,Lincoln,US,2021-06-07 01:57:19,40.8,-96.667,300.19,69,100,0.89
541,Maryborough,AU,2021-06-07 02:00:31,-25.5333,152.7,294.61,55,42,3.09
542,Imeni Poliny Osipenko,RU,2021-06-07 02:00:31,52.4201,136.4853,289.59,57,84,2.52
543,Atbasar,KZ,2021-06-07 01:56:01,51.8,68.3333,289.94,37,23,3.5
544,Los Llanos De Aridane,ES,2021-06-07 01:55:51,28.6585,-17.9182,291.01,84,90,6.23
545,Tall Kayf,TR,2021-06-07 02:00:32,37.0833,41.0667,293.33,28,0,2.98
546,North Bend,US,2021-06-07 01:51:57,43.4065,-124.2243,291.45,68,90,5.66
547,Bol,TD,2021-06-07 02:00:32,13.4586,14.7147,301.71,59,34,0.25
548,Salamiyah,SY,2021-06-07 02:00:32,35.0113,37.0532,289.2,52,0,2.3
549,Vuktyl,RU,2021-06-07 02:00:33,63.8567,57.3094,279.85,53,77,5.39
550,Pedra Branca,BR,2021-06-07 02:00:33,-5.4542,-39.7172,294.6,70,33,1.31
551,Maroantsetra,MG,2021-06-07 01:52:36,-15.4333,49.7333,294.85,88,100,4.57
552,Kitaibaraki,JP,2021-06-07 02:00:33,36.7833,140.75,299.76,68,100,1.73
